wt_variant,site,interaction_strength,interaction_strength_signed,outlier_type,n_haplotypes,interaction_strength_weighted,clinical_variant,wt_position,wt_REF,wt_ALT,clinical_position,clinical_REF,clinical_ALT,is_epistatic,epistasis_pvalue,epistasis_fstat,additive_r2,interaction_r2,delta_r2,additive_mse,interaction_mse,epistasis_coefficient,joint_effect,expected_additive_effect,deviation_from_additive,wt_individual_effect,clinical_individual_effect
12A>V,ENSP00000269305:175R>H,0.024566053013239705,-0.024566053013239705,more pathogenic,20,0.7009429793248478,175R>H,12,A,V,175,R,H,False,0.9998954924712844,1.7278937500871802e-08,2.0467568271009817e-05,2.0467815107894083e-05,2.468368842656332e-10,0.042612762269301156,0.042612762258782536,-7.71652884745262e-05,-0.024566053013239705,0.034129978008960116,-0.05869603102219982,-0.005233592767295625,0.03936357077625574
12A>V,ENSP00000269305:248R>Q,0.03205971344582695,-0.03205971344582695,more pathogenic,20,0.8007460701848864,248R>Q,12,A,V,248,R,Q,False,0.9992885517886838,8.007714415719783e-07,0.001056939771184262,0.0010569511986852076,1.142750094551559e-08,0.03893734018464182,0.03893733973921454,0.0005021660355029533,-0.03205971344582695,-0.04250056993624535,0.010440856490418399,-0.005233592767295625,-0.03726697716894972
12A>V,ENSP00000269305:273R>C,0.019016422954639508,-0.019016422954639508,more pathogenic,20,0.6167077582557157,273R>C,12,A,V,273,R,C,False,0.9999977267654648,8.175425503810825e-12,3.415696171793492e-06,3.4156962886999764e-06,1.1690648449302898e-13,0.038909498864461926,0.03890949886445738,-1.6066817266234076e-06,-0.019016422954639508,-0.007330186374601533,-0.011686236580037975,-0.005233592767295625,-0.0020965936073059077
155T>I,ENSP00000269305:175R>H,0.0198995713272435,-0.0198995713272435,more pathogenic,20,0.6308656168669124,175R>H,155,T,I,175,R,H,False,0.9978111379445165,7.579835374957634e-06,0.008898888112264136,0.008898995432013668,1.0731974953159806e-07,0.042234420501597134,0.04223441592831256,0.0016090025538062877,-0.0198995713272435,0.08002177234858265,-0.09992134367582615,0.04065820157232691,0.03936357077625574
155T>I,ENSP00000269305:248R>Q,0.028614385988134348,-0.028614385988134348,more pathogenic,20,0.7564970057856719,248R>Q,155,T,I,248,R,Q,False,0.9986615081412892,2.8343518336740747e-06,0.0037310517432932455,0.0037310920829590755,4.033966582994708e-08,0.03883310720911468,0.03883310563673348,-0.0009434911946785884,-0.028614385988134348,0.003391224403377191,-0.032005610391511535,0.04065820157232691,-0.03726697716894972
155T>I,ENSP00000269305:273R>C,0.007631805990744959,-0.007631805990744959,more pathogenic,20,0.39068672848575137,273R>C,155,T,I,273,R,C,False,0.9998569653735279,3.23671344683353e-08,0.013306506837089116,0.013306507293324055,4.5623493871715937e-10,0.03839188048679346,0.03839188046904153,-0.00010028183414353002,-0.007631805990744959,0.038561607965021005,-0.04619341395576596,0.04065820157232691,-0.0020965936073059077
175H>Y,ENSP00000269305:175R>H,0.3556089160572423,-0.3556089160572423,more pathogenic,22,2.797033455870582,175R>H,175,H,Y,175,R,H,False,0.9643799468703123,0.0020086575209045158,0.7251650010783591,0.7251728872718867,7.886193527539831e-06,0.011711718182722998,0.01171138212335468,-0.014165080887116406,-0.3556089160572423,-0.3302187904833997,-0.025390125573842626,-0.36958236125965543,0.03936357077625574
175H>Y,ENSP00000269305:248R>Q,0.33296827927002776,-0.33296827927002776,more pathogenic,22,2.7065295387156985,248R>Q,175,H,Y,248,R,Q,False,0.969050242520528,0.0015162086869494069,0.689594049942156,0.6896007732279281,6.723285772114451e-06,0.012099170166886919,0.012098908103035941,0.01250924163473694,-0.33296827927002776,-0.40684933842860516,0.0738810591585774,-0.36958236125965543,-0.03726697716894972
175H>Y,ENSP00000269305:273R>C,0.335852427018221,-0.335852427018221,more pathogenic,22,2.7182261485021555,273R>C,175,H,Y,273,R,C,False,0.9980965202776493,5.7321721661374175e-06,0.7259178705254037,0.7259178929694869,2.2444083258577052e-08,0.01066443473203,0.010664433858738985,0.0007223505412596474,-0.335852427018221,-0.37167895486696134,0.03582652784874035,-0.36958236125965543,-0.0020965936073059077
213R>C,ENSP00000269305:175R>H,0.08786947158388525,0.08786947158388525,more benign,28,1.5685487574024555,175R>H,213,R,C,175,R,H,False,0.9936243004124873,6.431125862994685e-05,0.09460828603148552,0.09460911784330228,8.31811816759398e-07,0.038582031548300165,0.038581996101775456,0.004858787945307406,0.08786947158388525,0.16979403294556789,-0.08192456136168264,0.13043046216931214,0.03936357077625574
213R>C,ENSP00000269305:248R>Q,0.0887552984940505,0.0887552984940505,more benign,28,1.5764353325884999,248R>Q,213,R,C,248,R,Q,False,0.9937582992533943,6.16363355817063e-05,0.10048323515327773,0.10048402719425431,7.920409765826975e-07,0.03506184853679506,0.03506181766419564,-0.0045346543646604094,0.0887552984940505,0.09316348500036242,-0.0044081865063119174,0.13043046216931214,-0.03726697716894972
213R>C,ENSP00000269305:273R>C,0.09221410645092473,0.09221410645092473,more benign,28,1.6068587307619462,273R>C,213,R,C,273,R,C,False,0.9996398788863979,2.0517246394910766e-07,0.10494995831369214,0.1049499609371154,2.6234232564092963e-09,0.03482606753589556,0.03482606743381913,-0.00026083288688243274,0.09221410645092473,0.12833386856200624,-0.036119762111081505,0.13043046216931214,-0.0020965936073059077
248Q>R,ENSP00000269305:175R>H,0.0455598872962158,-0.0455598872962158,more pathogenic,24,1.0456755209476691,175R>H,248,Q,R,175,R,H,False,0.9983115830223195,4.510056247139379e-06,0.006414575224406138,0.0064146392404897945,6.401608365624867e-08,0.042340286102901414,0.04234028337494342,-0.0013047482314934888,-0.0455598872962158,-0.001811712670456267,-0.043748174625759535,-0.04117528344671201,0.03936357077625574
248Q>R,ENSP00000269305:248R>Q,0.050383554005791094,-0.050383554005791094,more pathogenic,24,1.0996387116407762,248R>Q,248,Q,R,248,R,Q,False,0.9978778881070894,7.124583482050604e-06,0.011247859613339073,0.011247960248288336,1.0063494926271233e-07,0.03854011302677207,0.038540109104168864,0.0015646293789879446,-0.050383554005791094,-0.07844226061566173,0.028058706609870636,-0.04117528344671201,-0.03726697716894972
248Q>R,ENSP00000269305:273R>C,0.047599003357008625,-0.047599003357008625,more pathogenic,24,1.0688199476844578,273R>C,248,Q,R,273,R,C,False,0.9998831697309373,2.1593976873676653e-08,0.010755498489666171,0.010755498794833618,3.0516744686792663e-10,0.03849113928222864,0.038491139270354684,8.611195012512264e-05,-0.047599003357008625,-0.043271877054017915,-0.0043271263029907095,-0.04117528344671201,-0.0020965936073059077
48R>Q,ENSP00000269305:175R>H,0.03614037183385416,-0.03614037183385416,more pathogenic,23,0.9117173641971758,175R>H,48,R,Q,175,R,H,False,0.9992042756121396,1.0017223407400472e-06,0.0013745705909883332,0.0013745848816366646,1.4290648331360956e-08,0.042555059018060726,0.04255505840908426,-0.000610014771118135,-0.03614037183385416,0.03346729222553113,-0.06960766405938529,-0.00589627855072461,0.03936357077625574
48R>Q,ENSP00000269305:248R>Q,0.01572075038101154,-0.01572075038101154,more pathogenic,23,0.6013129457805356,248R>Q,48,R,Q,248,R,Q,False,0.9996933382611811,1.4877881131909262e-07,0.000227982522270187,0.00022798464719731015,2.124927123148268e-09,0.038969651726394855,0.038969651643568304,-0.00022497864120775684,-0.01572075038101154,-0.04316325571967433,0.02744250533866279,-0.00589627855072461,-0.03726697716894972
48R>Q,ENSP00000269305:273R>C,0.023738363209277035,-0.023738363209277035,more pathogenic,23,0.7389061874239325,273R>C,48,R,Q,273,R,C,False,0.999979530715522,6.628682208774931e-10,0.0003202753753244192,0.00032027538479084683,9.46642764176886e-12,0.03889716997102399,0.038897169970655655,1.5008011586431414e-05,-0.023738363209277035,-0.007992872158030517,-0.015745491051246518,-0.00589627855072461,-0.0020965936073059077
72P>R,ENSP00000269305:175R>H,0.02031498111916245,-0.02031498111916245,more pathogenic,18,0.6047062593895685,175R>H,72,P,R,175,R,H,False,0.9991986295473533,1.0159882262771572e-06,0.0010624662850994282,0.0010624807837958938,1.449869646563684e-08,0.04256835891686738,0.04256835829902523,-0.0005728405833255757,-0.02031498111916245,0.02028262397490893,-0.040597605094071385,-0.01908094680134681,0.03936357077625574
72P>R,ENSP00000269305:248R>Q,0.024761453435603084,-0.024761453435603084,more pathogenic,18,0.6676122840697702,248R>Q,72,P,R,248,R,Q,False,0.9987981760275592,2.2850932925924197e-06,0.002661203662677303,0.002661236219993257,3.255731595430689e-08,0.03887480832334164,0.03887480705430506,0.0008210097518585342,-0.024761453435603084,-0.05634792397029653,0.03158647053469345,-0.01908094680134681,-0.03726697716894972
72P>R,ENSP00000269305:273R>C,0.019404333746105357,-0.019404333746105357,more pathogenic,18,0.5909974682093795,273R>C,72,P,R,273,R,C,False,0.999948810969496,4.145488208676926e-09,0.0015241489538486697,0.001524149012979703,5.913103340304815e-11,0.038850327693388455,0.03885032769108769,3.496942089492869e-05,-0.019404333746105357,-0.021177540408652717,0.0017732066625473601,-0.01908094680134681,-0.0020965936073059077
99S>N,ENSP00000269305:175R>H,0.1741400989559097,0.1741400989559097,more benign,20,1.8662266687404812,175R>H,99,S,N,175,R,H,False,0.9875535628178191,0.0002451026273082935,0.22500951017753723,0.22501222377096708,2.7135934298483377e-06,0.03302516144852047,0.033025045812441964,0.008090759603002495,0.1741400989559097,0.2528487214051867,-0.07870862244927701,0.21348515062893098,0.03936357077625574
99S>N,ENSP00000269305:248R>Q,0.17341763045568973,0.17341763045568973,more benign,20,1.8623513656433885,248R>Q,99,S,N,248,R,Q,False,0.9875119405253061,0.00024674480707425093,0.24586491962829515,0.24586757788913804,2.6582608428915577e-06,0.029395083001907248,0.029394979386785564,-0.00765897230425254,0.17341763045568973,0.17621817345998125,-0.002800543004291528,0.21348515062893098,-0.03726697716894972
99S>N,ENSP00000269305:273R>C,0.16053066873928537,0.16053066873928537,more benign,20,1.7918184547508453,273R>C,99,S,N,273,R,C,False,0.9993752575111862,6.174816448953091e-07,0.20463058469123363,0.20463059170731945,7.016085823430274e-09,0.03094753106914759,0.030947530796154275,-0.0003932561384822266,0.16053066873928537,0.21138855702162507,-0.0508578882823397,0.21348515062893098,-0.0020965936073059077
REF,ENSP00000269305:175R>H,0.0051916209376913075,0.0051916209376913075,more benign,1,0.07205290374225946,175R>H,,None,None,175,R,H,False,0.9940271910373284,5.6440052720913696e-05,0.0015426923329679987,0.0015434973749344216,8.05041966422948e-07,0.042547894739602084,0.042547860433838,0.0015767724780513792,0.0051916209376913075,0.15998527447995942,-0.1547936535422681,0.12062170370370368,0.03936357077625574
REF,ENSP00000269305:248R>Q,0.03036566287989147,0.03036566287989147,more benign,1,0.17425746147551752,248R>Q,,None,None,248,R,Q,False,0.990828655240375,0.00013307836413722942,0.004047591630190528,0.004049485051123236,1.8934209327081675e-06,0.038820768947056675,0.038820695144276614,-0.0023127596509302344,0.03036566287989147,0.08335472653475395,-0.05298906365486249,0.12062170370370368,-0.03726697716894972
REF,ENSP00000269305:273R>C,0.04875908234683842,0.04875908234683842,more benign,1,0.22081458816581484,273R>C,,None,None,273,R,C,False,0.999354487611467,6.592211536357735e-07,0.006313990951316906,0.006314000309300183,9.357983277169524e-09,0.038663956705040345,0.03866395634092466,-0.00016247571641539186,0.04875908234683842,0.11852511009639777,-0.06976602774955934,0.12062170370370368,-0.0020965936073059077
