,variant1,variant10,variant11,variant2,variant3,variant4,variant5,variant6,variant7,variant8,variant9
variant10,0.21887952960859552,,0.3966345506886459,0.36307349463322397,0.3603783200948875,0.36307349463322397,0.343080431032257,0.39141179685152866,0.3902055841876115,0.32244036390480063,0.33122128756447483
variant11,0.2846826280966759,0.3966345506886459,,0.1807217307430576,0.1343680294571773,0.1807217307430576,0.26373913101020807,0.16047751961908874,0.09513051536815713,0.1916052079586317,0.1554953045608633
variant2,0.2690620769739896,0.36307349463322397,0.1807217307430576,,0.18150184484783904,4.783430692817751e-15,0.2883641635940789,0.2051392122767701,0.20029851596940787,0.20502448175074184,0.15880463684085042
variant3,0.2671220278043193,0.3603783200948875,0.1343680294571773,0.18150184484783904,,0.1815018448478377,0.2992263947818464,0.19066623935860272,0.14575367959285268,0.18470485295861644,0.12143774945424071
variant4,0.2690620769739896,0.36307349463322397,0.1807217307430576,4.783430692817751e-15,0.1815018448478377,,0.2883641635940789,0.2051392122767701,0.20029851596940787,0.20502448175074184,0.15880463684085042
variant5,0.23151243120550224,0.343080431032257,0.26373913101020807,0.2883641635940789,0.2992263947818464,0.2883641635940789,,0.2474796245253487,0.2668880142759964,0.2622535537963979,0.2954652264183392
variant6,0.2732838483373184,0.39141179685152866,0.16047751961908874,0.2051392122767701,0.19066623935860272,0.2051392122767701,0.2474796245253487,,0.15222509357248853,0.16717445251574634,0.20376653587245247
variant7,0.2881743926147404,0.3902055841876115,0.09513051536815713,0.20029851596940787,0.14575367959285268,0.20029851596940787,0.2668880142759964,0.15222509357248853,,0.19023080387759303,0.1747149659237233
variant8,0.23188584286045363,0.32244036390480063,0.1916052079586317,0.20502448175074184,0.18470485295861644,0.20502448175074184,0.2622535537963979,0.16717445251574634,0.19023080387759303,,0.17084176304483997
variant9,0.24759847365680263,0.33122128756447483,0.1554953045608633,0.15880463684085042,0.12143774945424071,0.15880463684085042,0.2954652264183392,0.20376653587245247,0.1747149659237233,0.17084176304483997,
variant1,,0.21887952960859552,0.2846826280966759,0.2690620769739896,0.2671220278043193,0.2690620769739896,0.23151243120550224,0.2732838483373184,0.2881743926147404,0.23188584286045363,0.24759847365680263
