,variant1,variant10,variant11,variant2,variant3,variant5,variant6,variant7,variant8,variant9
variant10,0.99769,,0.99353,0.99427,0.9947,0.99472,0.99322,0.99372,0.99533,0.99546
variant11,0.99667,0.99353,,0.99844,0.99912,0.99726,0.99875,0.99956,0.99825,0.99883
variant2,0.99697,0.99427,0.99844,,0.99839,0.99662,0.99796,0.99807,0.99796,0.99877
variant3,0.99716,0.9947,0.99912,0.99839,,0.99641,0.99823,0.99896,0.99836,0.99928
variant5,0.99748,0.99472,0.99726,0.99662,0.99641,,0.99733,0.99716,0.9969,0.99645
variant6,0.99664,0.99322,0.99875,0.99796,0.99823,0.99733,,0.99887,0.99863,0.99798
variant7,0.99654,0.99372,0.99956,0.99807,0.99896,0.99716,0.99887,,0.99827,0.99852
variant8,0.99756,0.99533,0.99825,0.99796,0.99836,0.9969,0.99863,0.99827,,0.99859
variant9,0.99756,0.99546,0.99883,0.99877,0.99928,0.99645,0.99798,0.99852,0.99859,
variant1,,0.99769,0.99667,0.99697,0.99716,0.99748,0.99664,0.99654,0.99756,0.99756
